<?xml version="1.0" encoding="UTF-8"?>
<metadata xml:lang="en"><Esri><CreaDate>20190110</CreaDate><CreaTime>07334000</CreaTime><ArcGISFormat>1.0</ArcGISFormat><SyncOnce>TRUE</SyncOnce><DataProperties><itemProps><itemLocation><linkage Sync="TRUE">file://\\ZAPTA04APP04\E drive\Hayden Working\Core Data\PR_SA_2011</linkage><protocol Sync="TRUE">Local Area Network</protocol></itemLocation></itemProps><copyHistory><copy source="E:\Data\DEMOGRAPHY\Community Profiles Census 2011\mapdata\PR_SA_2011\PR_SA_2011" dest="\\ZAPTA04APP04\E drive\Hayden Working\Core Data\PR_SA_2011" date="20190110" time="07334000"></copy></copyHistory></DataProperties></Esri></metadata>
